filename,people
photos/DSCF0031.JPG,"person1,person2"
photos/2024-10-31 10.32.41.jpg,"person3,person4,person5,person6,person7,person8,person9"
photos/DSCF0030.JPG,person1
photos/DSCF0137.JPG,
photos/DSCF0145.JPG,person2
photos/2024-10-31 10.32.42.jpg,"person3,person10,person11,person8,person5,person12,person13"
photos/DSCF0014.JPG,"person1,person2,person14,person15"
photos/2024-10-31 10.27.28.jpg,"person3,person16"
photos/DSCF0013.JPG,"person14,person1,person17,person18"
photos/2024-10-31 10.27.25.jpg,person3
photos/2024-10-31 10.27.27.jpg,"person3,person19"
photos/2024-10-31 10.32.43.jpg,"person3,person10,person11,person8,person5,person12,person13"
photos/DSCF0135.JPG,"person20,person21,person22"
